15.572,-2.7657,12.302,-3.2315,133.14,0
16.614,-3.1899,13.436,-3.2165,NaN,NaN
17.113,-4.2486,13.83,-3.2391,NaN,NaN
17.184,-4.7654,14.49,-3.3337,NaN,NaN
17.295,-6.9279,15.176,-3.9394,NaN,NaN
17.689,-7.6881,15.844,-5.0156,NaN,NaN
18.066,-9.0128,16.43,-6.2238,NaN,NaN
17.795,-9.8075,16.713,-6.6362,NaN,NaN
18.417,-10.729,16.74,-7.0917,NaN,NaN
18.592,-10.677,16.606,-7.9654,NaN,NaN
19.422,-10.416,16.331,-8.5775,NaN,NaN
19.907,-9.4806,15.95,-8.8108,NaN,NaN
19.878,-8.0083,16.662,-9.0727,NaN,NaN
19.825,-6.1038,17.271,-9.041,NaN,NaN
19.917,-4.4521,18.308,-7.9626,NaN,NaN
19.972,-3.7992,18.74,-7.0013,NaN,NaN
19.952,-2.5866,19.308,-6.1611,NaN,NaN
19.83,-1.9427,19.63,-5.6324,NaN,NaN
19.437,-1.2257,19.514,-5.0836,NaN,NaN
19.237,-0.80228,19.222,-4.5011,NaN,NaN
19.54,0.16664,19.52,-3.5045,NaN,NaN
19.907,1.5722,19.307,-2.7898,NaN,NaN
20.752,1.5277,19.141,-2.1155,NaN,NaN
21.052,0.89264,19.164,-1.7302,NaN,NaN
22.093,0.51145,19.503,-1.5423,NaN,NaN
22.596,-0.58971,19.551,-1.6252,NaN,NaN
22.681,-2.1882,19.531,-1.2422,NaN,NaN
22.688,-4.0072,19.847,-1.4396,NaN,NaN
23.311,-4.062,20.511,-2.43,NaN,NaN
25.028,-4.667,21.342,-3.2837,NaN,NaN
25.984,-5.1375,22.672,-3.685,NaN,NaN
27.258,-5.7645,24.147,-4.3346,NaN,NaN
28.549,-6.7364,25.629,-5.3574,NaN,NaN
29.07,-7.4016,26.184,-5.3467,NaN,NaN
28.888,-8.1897,26.929,-5.4978,NaN,NaN
28.601,-9.546,27.282,-6.3128,NaN,NaN
27.936,-10.446,27.461,-6.7958,NaN,NaN
27.673,-11.413,27.621,-7.6585,NaN,NaN
26.372,-13.122,27.826,-9.4278,NaN,NaN
25.256,-13.951,27.208,-11.051,NaN,NaN
24.15,-14.986,26.286,-12.047,NaN,NaN
23.357,-16.004,25.226,-13.392,NaN,NaN
22.786,-17.268,24.46,-14.418,NaN,NaN
22.734,-18.401,23.693,-15.407,NaN,NaN
22.649,-20,23.09,-16.615,NaN,NaN
23.148,-20.589,23.12,-17.259,NaN,NaN
23.922,-20.998,22.775,-18.188,NaN,NaN
24.518,-21.034,22.934,-18.255,NaN,NaN
24.26,-21.528,23.083,-18.134,NaN,NaN
23.617,-21.22,23.63,-18.218,NaN,NaN
22.71,-20.516,23.881,-17.787,NaN,NaN
21.676,-20.092,23.843,-17.789,NaN,NaN
20.395,-20.401,23.192,-18.811,NaN,NaN
18.119,-20.387,21.625,-19.313,NaN,NaN
17.795,-20.199,21.351,-19.692,NaN,NaN
16.688,-18.955,19.765,-20.031,NaN,NaN
16.097,-18.301,19.099,-20.168,NaN,NaN
15.139,-17.289,17.995,-19.772,NaN,NaN
15.235,-16.357,17.301,-19.303,NaN,NaN
14.852,-14.217,15.618,-17.57,NaN,NaN
14.083,-12.097,14.699,-15.643,NaN,NaN
14.445,-10.912,14.368,-14.141,NaN,NaN
14.702,-9.0471,14.323,-12.169,NaN,NaN
14.956,-7.8341,14.713,-10.629,NaN,NaN
14.701,-6.2703,14.858,-9.4064,NaN,NaN
15.095,-5.2265,14.392,-8.3675,NaN,NaN
15.274,-3.8768,14.633,-6.9881,NaN,NaN
15.265,-3.1155,14.697,-6.2255,NaN,NaN
15.341,-2.1977,14.88,-5.7605,NaN,NaN
15.29,-1.2253,14.857,-5.3061,NaN,NaN
15.043,-0.68928,15.163,-4.2274,NaN,NaN
14.896,-0.27009,15.482,-3.4013,NaN,NaN
13.789,-0.53918,15.192,-2.8087,NaN,NaN
12.988,-1.2807,15.871,-2.926,NaN,NaN
12.077,-1.723,15.124,-2.5084,NaN,NaN
11.857,-2.2829,15.757,-2.7293,NaN,NaN
11.605,-2.814,14.983,-2.7687,NaN,NaN
11.823,-2.8029,14.942,-2.9732,NaN,NaN
11.402,-3.0987,14.839,-2.9785,NaN,NaN
11.073,-3.3594,14.833,-2.8775,NaN,NaN
11.303,-3.5916,14.258,-2.7549,NaN,NaN
11.151,-3.6603,14.211,-2.8585,NaN,NaN
11.826,-2.8637,14.366,-2.8506,NaN,NaN
13.803,-1.3918,14.19,-4.429,NaN,NaN
14.335,-1.4259,14.383,-4.166,NaN,NaN
14.24,-0.82119,14.468,-3.8073,NaN,NaN
14.729,1.0928,14.062,-2.9673,NaN,NaN
15.092,1.8728,14.174,-2.1516,NaN,NaN
15.376,2.3746,14.259,-0.83099,NaN,NaN
16.071,2.1959,14.305,-0.72741,NaN,NaN
17.302,1.8918,14.118,-0.12929,NaN,NaN
17.565,1.0521,14.159,0.075281,NaN,NaN
17.464,0.6206,14.406,0.29023,NaN,NaN
18.381,-0.7951,14.876,0.21259,NaN,NaN
18.405,-1.8292,15.441,0.2916,NaN,NaN
19.181,-2.3684,16.006,-0.59106,NaN,NaN
20.721,-2.6251,16.76,-1.1603,NaN,NaN
21.172,-2.9065,17.602,-1.4213,NaN,NaN
22.395,-2.4793,18.636,-2.3808,NaN,NaN
23.782,-2.196,19.671,-2.3789,NaN,NaN
24.158,-1.6599,21.328,-2.396,NaN,NaN
24.886,-1.2886,21.521,-2.1334,NaN,NaN
25.904,-1.1156,22.333,-1.8395,NaN,NaN
26.372,-0.54476,23.319,-1.8907,NaN,NaN
27.909,-0.16357,24.476,-1.2763,NaN,NaN
28.952,0.13185,25.536,-0.76825,NaN,NaN
29.313,0.93987,26.31,-0.72928,NaN,NaN
29.868,1.6056,26.875,-0.65034,NaN,NaN
29.193,1.9973,27.19,-0.73548,NaN,NaN
28.764,2.4318,27.19,-0.73548,NaN,NaN
27.693,2.6523,27.19,-0.73548,NaN,NaN
27.828,3.0237,27.231,-0.53144,NaN,NaN
28.052,2.9133,27.123,-0.36278,NaN,NaN
28.508,1.9937,26.131,-0.3999,NaN,NaN
29.462,-0.085624,25.987,-0.27249,NaN,NaN
29.622,-1.2674,26.358,-0.34359,NaN,NaN
29.92,-2.7103,27.611,-0.54992,NaN,NaN
30.887,-3.714,28.384,-1.229,NaN,NaN
31.54,-5.111,29.773,-2.2804,NaN,NaN
32.164,-6.4821,30.293,-3.4201,NaN,NaN
32.235,-7.8818,31.033,-4.3689,NaN,NaN
32.483,-8.9753,31.361,-5.3834,NaN,NaN
32.365,-9.9531,31.918,-6.3859,NaN,NaN
32.086,-10.481,32.044,-7.0519,NaN,NaN
31.527,-11.509,31.835,-7.5401,NaN,NaN
30.662,-11.933,32.031,-9.0046,NaN,NaN
29.738,-12.279,31.779,-9.6955,NaN,NaN
29.056,-11.91,31.915,-9.9674,NaN,NaN
28.087,-11.34,31.218,-9.9243,NaN,NaN
26.159,-10.955,29.875,-10.872,NaN,NaN
24.757,-10.596,28.403,-10.87,NaN,NaN
23.797,-9.6458,27.069,-11.18,NaN,NaN
22.953,-8.8245,25.978,-10.599,NaN,NaN
21.727,-7.5628,24.805,-10.021,NaN,NaN
20.413,-6.2239,23.747,-9.2781,NaN,NaN
20.908,-5.0892,22.586,-8.1404,NaN,NaN
21.094,-3.8624,21.447,-7.4405,NaN,NaN
20.573,-2.3739,21.388,-6.2851,NaN,NaN
20.558,-1.049,20.986,-4.8277,NaN,NaN
20.36,0.56453,20.585,-3.4099,NaN,NaN
19.379,0.78597,20.702,-2.5251,NaN,NaN
18.937,1.2781,20.595,-2.0511,NaN,NaN
18.783,1.5681,20.486,-1.5372,NaN,NaN
18.419,2.6599,20.036,-0.76079,NaN,NaN
18.133,3.3225,19.577,-0.30696,NaN,NaN
18.267,3.4104,19.356,-0.24705,NaN,NaN
18.936,3.8226,19.352,-0.17619,NaN,NaN
19.477,3.5516,19.167,-0.11445,NaN,NaN
19.686,3.7785,19.316,-0.17802,NaN,NaN
19.907,3.7894,19.179,0.34796,NaN,NaN
20.655,3.7724,19.242,0.52875,NaN,NaN
21.036,3.8994,19.12,0.77132,NaN,NaN
20.924,3.921,19.307,0.67411,NaN,NaN
20.924,3.921,19.482,0.78948,NaN,NaN
20.7,3.964,19.593,0.7595,NaN,NaN
20.691,4.1259,19.593,0.7595,NaN,NaN
20.256,4.4834,19.593,0.7595,NaN,NaN
20.251,4.5643,19.593,0.7595,NaN,NaN
20.253,4.5373,19.652,1.0111,NaN,NaN
20.414,4.6265,19.652,1.0111,NaN,NaN
20.414,4.6265,19.64,1.2237,NaN,NaN
19.412,5.2267,19.676,1.2255,NaN,NaN
18.483,4.5041,20.035,1.3145,NaN,NaN
18.055,4.2392,19.766,1.5852,NaN,NaN
17.357,3.8526,19.766,1.5852,NaN,NaN
15.932,3.4302,19.226,2.1622,NaN,NaN
14.891,3.5592,18.951,2.5394,NaN,NaN
14.488,3.503,18.298,2.5069,NaN,NaN
13.207,3.9813,17.201,2.63,NaN,NaN
11.408,4.4704,16.081,3.1786,NaN,NaN
10.909,4.1564,15.343,3.3908,NaN,NaN
9.7948,4.2819,14.935,3.5483,NaN,NaN
10.456,3.664,14.417,3.7004,NaN,NaN
9.7497,3.0865,13.526,4.0474,NaN,NaN
9.5314,2.3526,12.678,3.614,NaN,NaN
9.28,1.5446,11.494,3.3416,NaN,NaN
8.8229,0.4371,10.627,2.5867,NaN,NaN
7.0577,-0.37496,9.5038,1.8544,NaN,NaN
6.2337,-1.5377,8.6914,1.4222,NaN,NaN
5.1986,-2.205,8.148,0.71863,NaN,NaN
4.3131,-2.2138,7.4918,0.080453,NaN,NaN
3.7507,-2.7488,6.8755,-0.62704,NaN,NaN
3.107,-3.1434,6.2288,-0.7665,NaN,NaN
3.2326,-3.4265,5.5534,-1.0499,NaN,NaN
2.7047,-2.5125,5.5935,-1.1191,NaN,NaN
1.873,-0.05755,5.2442,-1.386,NaN,NaN
1.1018,1.2429,5.0366,-0.89794,NaN,NaN
0.3849,1.5327,4.4929,-0.92541,NaN,NaN
-0.012248,1.3679,4.3729,-0.71778,NaN,NaN
-0.31258,1.4614,4.7087,-0.20221,NaN,NaN
-0.32037,1.6059,4.1956,-0.12123,NaN,NaN
0.30321,2.3613,3.9,-0.02927,NaN,NaN
0.32437,2.6519,3.6483,0.59923,NaN,NaN
0.34746,2.9065,3.549,1.093,NaN,NaN
0.9352,4.3116,3.6921,1.1358,NaN,NaN
1.381,5.601,3.221,1.1121,NaN,NaN
1.7407,7.1032,3.1044,1.9257,NaN,NaN
1.7367,7.1755,2.5928,2.6483,NaN,NaN
2.2424,8.0332,1.9031,3.9679,NaN,NaN
2.7458,8.9269,2.3706,5.381,NaN,NaN
2.1083,9.7647,2.7201,6.2893,NaN,NaN
1.7629,10.653,2.6911,7.464,NaN,NaN
1.6074,11.442,2.5789,8.1713,NaN,NaN
1.3885,12.048,2.3439,9.1222,NaN,NaN
0.65649,12.592,1.871,9.1346,NaN,NaN
-0.20825,12.876,1.5371,9.9026,NaN,NaN
-1.0159,13.452,0.88111,10.584,NaN,NaN
-1.3677,13.798,0.2351,11.087,NaN,NaN
-2.0667,13.764,0.11232,11.331,NaN,NaN
-2.6227,13.809,-0.23791,11.742,NaN,NaN
-2.4672,13.672,-0.23993,11.777,NaN,NaN
-2.5879,13.847,-0.23993,11.777,NaN,NaN
-2.5921,13.919,-0.23993,11.777,NaN,NaN
-2.3019,14.006,-0.23993,11.777,NaN,NaN
-0.28278,14.177,-0.13319,10.534,NaN,NaN
1.2622,14.252,-0.022493,11.146,NaN,NaN
2.8405,13.748,-0.40909,12.197,NaN,NaN
3.7338,13.611,0.24896,12.122,NaN,NaN
4.5991,12.675,1.0617,12.518,NaN,NaN
5.6442,11.82,1.8866,12.701,NaN,NaN
6.2394,11.089,2.9895,12.47,NaN,NaN
6.6075,10.455,3.849,12.048,NaN,NaN
7.7236,8.3389,5.3465,11.265,NaN,NaN
8.5636,7.8375,6.188,9.8808,NaN,NaN
9.0492,6.4146,7.2002,8.6835,NaN,NaN
10.574,4.2121,8.0508,7.1225,NaN,NaN
12.292,3.177,9.2815,5.9013,NaN,NaN
12.829,2.1198,10.111,4.6965,NaN,NaN
14.112,0.91954,10.784,3.6977,NaN,NaN
14.949,1.1421,11.548,3.0241,NaN,NaN
16.147,0.84097,12.36,2.78,NaN,NaN
17.356,1.0099,13.523,2.1265,NaN,NaN
18.474,0.81321,14.625,1.8971,NaN,NaN
19.733,0.73197,15.705,1.4177,NaN,NaN
20.783,0.42384,17.037,0.98676,NaN,NaN
21.769,0.61756,17.809,0.81224,NaN,NaN
22.779,0.37966,18.674,0.90058,NaN,NaN
23.722,0.67933,19.667,0.7277,NaN,NaN
24.569,1.4066,20.556,0.41707,NaN,NaN
24.669,2.2768,21.384,0.56512,NaN,NaN
24.012,3.47,22.111,0.56604,NaN,NaN
23.578,3.9894,22.259,0.50249,NaN,NaN
23.566,4.2052,22.296,0.5043,NaN,NaN
23.222,4.4047,22.675,0.87834,NaN,NaN
23.067,4.5413,22.475,1.2233,NaN,NaN
23.067,4.5413,22.478,1.1525,NaN,NaN
23.043,4.9729,22.451,1.6482,NaN,NaN
22.845,5.8651,22.51,1.8997,NaN,NaN
22.997,6.4497,22.376,2.3546,NaN,NaN
23.377,6.9012,22.368,3.1709,NaN,NaN
23.649,7.3113,22.447,3.7075,NaN,NaN
24.08,6.8634,22.308,3.5941,NaN,NaN
24.252,6.6128,22.19,3.7658,NaN,NaN
24.562,5.5165,21.877,3.5017,NaN,NaN
25.004,3.5551,21.654,3.5972,NaN,NaN
25.435,1.7742,22.127,3.5851,NaN,NaN
26.66,0.97042,22.95,3.1642,NaN,NaN
27.257,0.17166,24.219,2.5527,NaN,NaN
27.551,-0.49798,24.793,2.0134,NaN,NaN
27.8,-1.7101,25.484,1.3382,NaN,NaN
28.022,-3.1034,26.355,0.033595,NaN,NaN
28.097,-4.5402,27.121,-1.382,NaN,NaN
29.557,-4.9335,27.297,-2.6498,NaN,NaN
30.639,-5.1658,27.657,-3.2698,NaN,NaN
31.508,-5.553,28.049,-3.8171,NaN,NaN
31.95,-5.5303,28.512,-4.3253,NaN,NaN
32.541,-5.5358,29.032,-4.5468,NaN,NaN
33.448,-5.2373,30.15,-4.3832,NaN,NaN
34.439,-5.1144,30.846,-4.4893,NaN,NaN
35.184,-5.2559,31.437,-4.6716,NaN,NaN
35.705,-5.3369,32.173,-4.8464,NaN,NaN
36.452,-4.7953,32.745,-4.6753,NaN,NaN
37.564,-4.1633,33.651,-4.6289,NaN,NaN
37.888,-2.602,34.884,-4.5657,NaN,NaN
37.946,-1.5932,35.59,-4.1755,NaN,NaN
38.692,-0.37022,35.84,-3.3842,NaN,NaN
39.232,0.55471,36.656,-2.3167,NaN,NaN
40.288,0.82277,37.151,-1.3718,NaN,NaN
40.641,0.44542,37.456,-0.99473,NaN,NaN
40.945,-0.4009,37.571,-0.89153,NaN,NaN
41.294,-1.3884,37.861,-0.87695,NaN,NaN
41.946,-2.5396,38.991,-0.85161,NaN,NaN
42.539,-3.6362,39.541,-1.4838,NaN,NaN
44.533,-4.108,40.756,-2.4591,NaN,NaN
46.27,-4.4011,42.142,-3.0168,NaN,NaN
47.605,-5.4787,43.551,-3.3845,NaN,NaN
48.305,-6.6839,44.968,-3.9395,NaN,NaN
48.885,-7.4652,45.697,-4.9058,NaN,NaN
48.957,-8.9416,46.594,-5.3926,NaN,NaN
49.112,-10.127,47.359,-6.4815,NaN,NaN
48.897,-10.807,47.929,-7.5489,NaN,NaN
48.682,-12.539,48.195,-9.0396,NaN,NaN
48.201,-13.856,48.629,-10.725,NaN,NaN
47.512,-14.946,48.665,-12.437,NaN,NaN
46.92,-15.989,48.279,-13.42,NaN,NaN
46.265,-17.121,47.716,-14.288,NaN,NaN
45.609,-18.25,47.253,-15.485,NaN,NaN
44.875,-19.453,46.547,-16.069,NaN,NaN
44.188,-19.919,46.113,-16.972,NaN,NaN
43.257,-19.971,45.761,-17.788,NaN,NaN
42.326,-20.023,44.973,-18.461,NaN,NaN
41.484,-19.878,44.978,-18.586,NaN,NaN
40.79,-19.725,44.814,-18.763,NaN,NaN
40.073,-19.045,44.086,-18.845,NaN,NaN
39.042,-17.95,42.249,-19.115,NaN,NaN
37.881,-17.246,41.17,-19.007,NaN,NaN
37.107,-16.425,40.298,-18.72,NaN,NaN
36.431,-14.542,38.661,-17.676,NaN,NaN
35.913,-12.939,36.99,-15.92,NaN,NaN
35.448,-11.429,36.108,-14.499,NaN,NaN
34.299,-10.051,35.663,-13.263,NaN,NaN
34.275,-8.5659,34.91,-11.918,NaN,NaN
34.14,-6.8466,34.562,-10.929,NaN,NaN
33.721,-5.3818,34.008,-9.2797,NaN,NaN
33.645,-3.8991,33.939,-7.8983,NaN,NaN
32.956,-2.9751,33.479,-6.4533,NaN,NaN
33.291,-1.855,33.116,-5.2549,NaN,NaN
32.398,-0.79686,33.103,-4.1643,NaN,NaN
31.765,-0.013047,32.883,-3.2522,NaN,NaN
31.047,0.52682,32.97,-2.4503,NaN,NaN
30.478,1.0264,32.471,-1.9719,NaN,NaN
30.127,1.1528,32.058,-1.489,NaN,NaN
30.233,1.0141,32.058,-1.489,NaN,NaN
30.233,1.0141,32.058,-1.489,NaN,NaN
30.276,1.1123,32.055,-1.4472,NaN,NaN
30.276,1.1123,32.055,-1.4472,NaN,NaN
30.276,1.1123,32.055,-1.4472,NaN,NaN
30.178,1.1074,32.055,-1.4472,NaN,NaN
31.17,0.96492,32.055,-1.4472,NaN,NaN
32.777,1.2849,32.035,-1.868,NaN,NaN
33.567,1.2283,32.035,-1.868,NaN,NaN
34.32,1.4295,32.214,-1.1873,NaN,NaN
35.347,1.0772,32.619,-0.70514,NaN,NaN
35.997,1.0209,32.522,-0.50014,NaN,NaN
36.572,0.27556,32.892,-0.18769,NaN,NaN
37.123,0.1114,33.046,0.15582,NaN,NaN
37.146,-0.31865,33.351,0.087153,NaN,NaN
37.373,-0.88216,33.618,-0.06736,NaN,NaN
37.98,-0.27682,34.421,-0.57261,NaN,NaN
38.252,-0.7422,34.769,-0.63903,NaN,NaN
39.386,-0.78099,35.865,-1.0034,NaN,NaN
40.538,-0.24446,36.797,-0.70491,NaN,NaN
41.414,-0.05706,37.723,-0.32297,NaN,NaN
42.765,0.44099,38.748,-0.14592,NaN,NaN
43.519,0.1438,39.385,0.011702,NaN,NaN
43.896,-0.45899,40.029,0.043921,NaN,NaN
44.191,-1.3526,40.85,0.001173,NaN,NaN
44.459,-1.7694,41.105,0.055825,NaN,NaN
45.146,-1.7347,41.612,-0.54698,NaN,NaN
46.278,-1.7253,42.607,-0.62269,NaN,NaN
47.43,-2.097,43.744,-0.94227,NaN,NaN
48.43,-1.4735,44.456,-1.3667,NaN,NaN
49.693,-1.1712,45.832,-1.3392,NaN,NaN
50.895,-0.63386,46.945,-1.1995,NaN,NaN
52.303,-0.27735,48.267,-0.96591,NaN,NaN
53.651,0.26642,49.708,-0.51778,NaN,NaN
54.759,0.70248,51.059,-0.032757,NaN,NaN
56.085,-0.13646,51.977,0.51369,NaN,NaN
57.03,-0.32938,52.969,0.47948,NaN,NaN
57.454,-0.87707,53.996,0.61376,NaN,NaN
58.26,-1.2172,54.624,0.14468,NaN,NaN
59.115,-1.5545,55.309,0.22038,NaN,NaN
60.404,-1.7271,56.456,-0.26419,NaN,NaN
61.27,-1.3511,57.645,-0.74611,NaN,NaN
61.979,-0.95679,58.432,-0.95644,NaN,NaN
62.206,-0.27911,58.823,-1.0201,NaN,NaN
62.24,0.69133,58.637,-0.7797,NaN,NaN
61.851,1.4794,59.734,-1.1407,NaN,NaN
61.475,2.031,59.976,-0.83753,NaN,NaN
60.914,2.3838,59.976,-0.83753,NaN,NaN
59.87,2.5708,60.025,-0.95979,NaN,NaN
59.179,2.7419,60.025,-0.95979,NaN,NaN
59.134,2.72,60.025,-0.95979,NaN,NaN
59.138,2.6557,60.025,-0.95979,NaN,NaN
59.168,2.6403,60.025,-0.95979,NaN,NaN
59.184,2.6579,60.025,-0.95979,NaN,NaN
59.165,2.6374,60.025,-0.95979,NaN,NaN
59.208,2.6423,60.025,-0.95979,NaN,NaN
60.287,2.1633,60.025,-0.95979,NaN,NaN
61.343,0.88462,58.628,-1.4043,NaN,NaN
61.639,-0.0030609,58.452,-1.3299,NaN,NaN
61.768,-1.4684,58.818,-1.7276,NaN,NaN
62.327,-2.7218,58.978,-1.5115,NaN,NaN
62.636,-2.9907,59.76,-1.6384,NaN,NaN
63.603,-3.6053,60.242,-1.7805,NaN,NaN
63.978,-4.2025,60.511,-1.9747,NaN,NaN
63.076,-4.866,60.71,-1.6737,NaN,NaN
62.441,-5.9433,61.507,-2.0905,NaN,NaN
61.636,-6.603,61.86,-3.0697,NaN,NaN
61.053,-7.2278,61.764,-3.6978,NaN,NaN
60.45,-7.5211,61.536,-4.2912,NaN,NaN
59.239,-7.9184,61.289,-5.3845,NaN,NaN
58.111,-7.9785,60.984,-6.1902,NaN,NaN
56.555,-7.3471,59.834,-7.3323,NaN,NaN
55.141,-7.6124,58.574,-7.1077,NaN,NaN
53.84,-7.1569,57.464,-7.2913,NaN,NaN
53.141,-6.9554,56.642,-7.2098,NaN,NaN
52.171,-6.2434,55.697,-7.2597,NaN,NaN
51.818,-6.0711,54.644,-6.8567,NaN,NaN
51.561,-5.846,53.713,-7.1975,NaN,NaN
50.371,-4.7152,53.132,-6.7693,NaN,NaN
50.325,-3.8111,52.161,-6.2778,NaN,NaN
49.193,-2.8669,51.395,-5.6082,NaN,NaN
48.531,-1.7511,50.743,-4.6402,NaN,NaN
47.647,-1.5607,50.009,-3.7595,NaN,NaN
46.769,-0.7929,49.459,-3.1195,NaN,NaN
45.663,-0.37051,48.205,-2.2225,NaN,NaN
44.723,-0.27417,47.801,-1.8837,NaN,NaN
43.829,-0.12763,46.592,-1.1615,NaN,NaN
42.964,-0.50572,45.624,-0.80439,NaN,NaN
41.959,-1.0346,44.942,-0.79842,NaN,NaN
41.53,-1.2954,44.256,-0.79692,NaN,NaN
40.721,-1.8147,43.58,-0.9578,NaN,NaN
40.113,-2.4199,43.057,-1.1223,NaN,NaN
39.338,-2.6507,42.489,-1.5769,NaN,NaN
38.88,-3.2965,41.937,-1.9998,NaN,NaN
38.453,-3.6056,41.459,-2.3994,NaN,NaN
37.893,-3.251,41.228,-2.6425,NaN,NaN
36.837,-2.8257,40.27,-2.9198,NaN,NaN
36.52,-2.4106,39.704,-2.8668,NaN,NaN
35.49,-1.5521,39.015,-2.5177,NaN,NaN
34.462,-0.741,37.663,-2.422,NaN,NaN
34.183,-0.13167,36.531,-1.6546,NaN,NaN
33.656,0.51332,35.633,-0.98194,NaN,NaN
33.474,2.0391,34.936,-0.54672,NaN,NaN
32.856,2.5361,34.43,0.057223,NaN,NaN
32.808,4.2611,33.661,0.73218,NaN,NaN
32.438,5.5868,33.099,1.5437,NaN,NaN
32.814,6.7571,32.562,2.6926,NaN,NaN
32.605,8.6674,32.626,4.6273,NaN,NaN
33.03,9.7923,32.409,6.1708,NaN,NaN
33.697,10.977,32.821,7.8168,NaN,NaN
34.277,12.271,33.135,9.2053,NaN,NaN
35.571,13.323,33.485,10.417,NaN,NaN
36.454,14.501,34.427,11.919,NaN,NaN
37.353,15.665,35.407,12.787,NaN,NaN
37.875,16.86,35.772,13.701,NaN,NaN
38.541,17.689,36.577,14.897,NaN,NaN
39.205,18.518,37.062,15.705,NaN,NaN
40.388,19.127,37.525,16.848,NaN,NaN
41.129,19.802,38.321,17.557,NaN,NaN
41.884,20.263,38.899,18.07,NaN,NaN
42.279,20.88,39.754,18.446,NaN,NaN
43.117,20.746,40.277,19.217,NaN,NaN
43.997,20.615,40.945,19.509,NaN,NaN
44.522,20.596,41.539,19.761,NaN,NaN
45.495,20.383,42.197,20.202,NaN,NaN
46.152,20.327,42.804,20.267,NaN,NaN
47.073,19.599,43.075,20.204,NaN,NaN
47.652,19.412,43.584,20.003,NaN,NaN
48.677,19.074,44.997,19.991,NaN,NaN
49.673,18.521,46.264,19.861,NaN,NaN
50.55,17.792,46.941,19.443,NaN,NaN
50.837,17.421,47.49,19.206,NaN,NaN
51.523,16.941,48.362,18.722,NaN,NaN
52,16.323,49.127,18.122,NaN,NaN
52.607,15.711,49.56,17.917,NaN,NaN
52.739,15.036,49.778,17.517,NaN,NaN
53.135,13.65,50.765,16.442,NaN,NaN
52.494,12.771,51.456,15.802,NaN,NaN
52.083,11.689,51.668,15.476,NaN,NaN
51.47,11.024,51.905,14.779,NaN,NaN
50.915,10.106,51.67,13.689,NaN,NaN
50.196,9.7322,51.151,12.251,NaN,NaN
49.808,9.176,51.17,11.359,NaN,NaN
48.507,8.0381,50.335,10.651,NaN,NaN
47.207,7.1264,49.375,9.7903,NaN,NaN
45.35,6.7401,48.224,8.2829,NaN,NaN
44.408,6.3973,46.941,7.7661,NaN,NaN
43.253,5.9589,45.868,7.3899,NaN,NaN
41.678,5.9681,44.803,6.6319,NaN,NaN
40.288,5.8158,43.476,6.4194,NaN,NaN
39.203,5.678,42.3,6.2511,NaN,NaN
37.715,5.6911,41.156,5.9874,NaN,NaN
36.598,6.1057,39.947,5.914,NaN,NaN
35.556,5.9699,38.785,6.156,NaN,NaN
34.078,5.8128,37.427,6.2933,NaN,NaN
32.594,5.5634,36.531,6.0842,NaN,NaN
31.129,6.1386,34.547,5.9879,NaN,NaN
30.293,6.9944,33.114,5.6195,NaN,NaN
29.551,7.7271,32.21,6.0236,NaN,NaN
29.237,9.3777,30.794,6.7017,NaN,NaN
28.395,11.047,29.989,8.0451,NaN,NaN
28.073,12.057,29.17,8.9774,NaN,NaN
28.287,13.607,28.65,10.672,NaN,NaN
28.575,15.331,28.013,11.727,NaN,NaN
28.922,17.091,27.644,14.067,NaN,NaN
29.499,18.72,28.459,15.752,NaN,NaN
30.07,20.332,29.093,16.643,NaN,NaN
30.835,21.916,29.539,18.087,NaN,NaN
31.911,22.72,29.691,19.93,NaN,NaN
32.523,23.992,30.879,21.071,NaN,NaN
33.427,25.216,31.646,22.231,NaN,NaN
34.792,26.023,32.204,23.644,NaN,NaN
35.652,27.52,32.945,24.578,NaN,NaN
36.642,27.693,33.811,25.33,NaN,NaN
37.563,28.25,34.729,26.46,NaN,NaN
38.68,29.115,35.654,27.204,NaN,NaN
39.978,30.504,37.118,28.121,NaN,NaN
40.639,31.65,38.404,29.38,NaN,NaN
42.134,32.661,39.413,30.227,NaN,NaN
42.4,33.834,40.397,31.423,NaN,NaN
43.397,34.48,41.451,32.322,NaN,NaN
44.11,35.458,41.935,33.397,NaN,NaN
44.587,36.082,42.261,33.813,NaN,NaN
46.105,36.709,43.309,34.762,NaN,NaN
46.815,37.688,44.267,35.558,NaN,NaN
47.77,38.556,45.475,36.365,NaN,NaN
49.16,38.826,46.082,37.095,NaN,NaN
50.317,39.35,47.3,37.752,NaN,NaN
51.374,39.355,48.416,38.405,NaN,NaN
52.72,39.285,49.089,38.888,NaN,NaN
53.411,38.712,50.222,39.29,NaN,NaN
54.217,37.755,51.394,39.14,NaN,NaN
55.501,36.777,52.621,38.943,NaN,NaN
55.906,35.976,53.388,38.121,NaN,NaN
56.963,34.557,54.658,37.321,NaN,NaN
57.888,33.177,55.761,36.062,NaN,NaN
58.898,32.404,56.627,34.592,NaN,NaN
60.29,31.733,58.141,33.252,NaN,NaN
61.401,31.351,59.552,32.61,NaN,NaN
62.605,31.445,59.726,32.317,NaN,NaN
64.223,31.213,61.219,31.929,NaN,NaN
65.045,31.205,61.587,31.744,NaN,NaN
66.251,31.257,63.227,31.413,NaN,NaN
67.357,30.917,64.182,31.454,NaN,NaN
67.582,30.797,64.549,31.269,NaN,NaN
67.967,30.298,64.994,31.388,NaN,NaN
68.974,29.567,65.678,31.016,NaN,NaN
69.625,27.878,67.004,30.17,NaN,NaN
70.236,26.704,67.785,29.201,NaN,NaN
70.91,25.378,68.799,28.493,NaN,NaN
71.936,25.113,69.414,27.718,NaN,NaN
72.671,24.573,70.212,26.551,NaN,NaN
73.986,23.981,70.943,26.232,NaN,NaN
74.617,23.779,71.845,25.67,NaN,NaN
75.758,23.446,72.437,25.195,NaN,NaN
76.745,23.106,73.725,24.848,NaN,NaN
77.562,23.443,74.161,25.066,NaN,NaN
78.81,23.189,75.242,24.8,NaN,NaN
79.284,23.018,75.617,24.593,NaN,NaN
80.239,21.691,76.776,24.108,NaN,NaN
80.834,20.995,78.093,22.788,NaN,NaN
81.359,19.768,78.754,22.372,NaN,NaN
81.827,18.767,78.831,21.977,NaN,NaN
82.172,17.386,79.447,21.03,NaN,NaN
82.168,16.033,80.297,19.96,NaN,NaN
82.673,15.039,80.928,18.839,NaN,NaN
83.063,13.555,81.967,17.122,NaN,NaN
83.531,12.041,82.698,15.878,NaN,NaN
83.925,10.453,83.123,14.538,NaN,NaN
84.021,9.192,83.339,12.974,NaN,NaN
84.16,7.3035,83.559,11.327,NaN,NaN
85.002,6.3158,83.514,10.151,NaN,NaN
85.777,5.2995,83.606,8.9847,NaN,NaN
86.676,4.3516,84.145,7.3892,NaN,NaN
88.007,3.1268,84.816,6.4371,NaN,NaN
89.122,1.9026,85.847,5.5025,NaN,NaN
89.433,0.77471,87.029,4.1177,NaN,NaN
90.129,1.2642,86.823,3.592,NaN,NaN
90.715,1.2916,86.955,3.4258,NaN,NaN
91.501,1.4259,87.79,2.6612,NaN,NaN
92.385,1.6618,88.709,2.4741,NaN,NaN
93.205,1.7969,89.323,2.3305,NaN,NaN
93.894,1.8282,90.11,2.3093,NaN,NaN
95.048,1.6213,90.958,2.2907,NaN,NaN
95.386,1.7338,91.749,2.2126,NaN,NaN
96.626,1.7896,92.833,2.2616,NaN,NaN
97.489,1.9817,93.489,2.4047,NaN,NaN
98.035,2.884,94.735,1.8361,NaN,NaN
98.16,4.4393,96.472,2.0838,NaN,NaN
98.318,5.9025,96.293,2.9249,NaN,NaN
98.37,7.3011,96.589,3.8439,NaN,NaN
97.549,8.4452,97.256,4.6079,NaN,NaN
96.322,8.3685,97.641,5.0768,NaN,NaN
95.738,8.3798,97.825,5.0273,NaN,NaN
95.898,8.5165,97.816,5.1404,NaN,NaN
97.313,8.0124,97.34,5.065,NaN,NaN
99.506,6.4653,96.294,6.1039,NaN,NaN
99.758,4.6959,96.146,6.4399,NaN,NaN
100.3,3.9758,96.284,6.2174,NaN,NaN
100.67,2.7375,97.262,5.2889,NaN,NaN
100.89,0.985,98.252,4.195,NaN,NaN
102.43,0.19366,98.818,3.0886,NaN,NaN
103.93,0.45432,99.882,2.5703,NaN,NaN
105.42,0.39595,101.64,1.6918,NaN,NaN
106.67,0.32692,102.74,1.405,NaN,NaN
106.99,-0.91561,103.71,1.447,NaN,NaN
107.05,-2.2319,104.39,1.1988,NaN,NaN
106.56,-3.6457,105.28,0.62828,NaN,NaN
105.56,-4.7498,105.53,-0.57621,NaN,NaN
104.82,-5.6537,106.3,-2.6338,NaN,NaN
103.26,-6.5512,104.72,-3.8866,NaN,NaN
101.22,-7.1307,104.11,-5.5938,NaN,NaN
99.606,-7.2963,102.9,-5.7242,NaN,NaN
97.609,-7.2255,101.18,-6.336,NaN,NaN
95.734,-6.7227,99.204,-6.9084,NaN,NaN
93.541,-6.1365,97.579,-6.951,NaN,NaN
92.598,-4.987,95.882,-6.6559,NaN,NaN
91.261,-3.6612,94.355,-6.1206,NaN,NaN
90.75,-1.735,93.406,-5.0379,NaN,NaN
90.578,0.11242,92.369,-3.4459,NaN,NaN
91.564,1.5264,91.324,-1.9073,NaN,NaN
90.001,2.2041,92.476,-0.82542,NaN,NaN
88.39,1.4439,91.62,0.38427,NaN,NaN
87.071,0.40023,91.086,1.2134,NaN,NaN
85.687,-0.19078,89.709,0.97755,NaN,NaN
84.707,0.023586,88.671,0.12826,NaN,NaN
83.661,-0.42147,87.538,0.057586,NaN,NaN
82.211,-0.46009,86.376,-0.037385,NaN,NaN
81.775,-0.086895,85.338,-0.052267,NaN,NaN
81.765,0.7021,85.016,-0.0074066,NaN,NaN
81.688,1.4223,84.891,0.20678,NaN,NaN
81.814,2.1853,84.403,-0.72463,NaN,NaN
83.089,2.804,84.149,-0.50751,NaN,NaN
84.766,3.0454,83.689,-0.22374,NaN,NaN
86.378,2.6925,83.491,0.41794,NaN,NaN
87.592,1.5045,83.997,1.4001,NaN,NaN
88.279,0.42569,84.785,1.7054,NaN,NaN
89.7,0.3634,85.568,1.6986,NaN,NaN
90.994,0.68589,86.302,1.7027,NaN,NaN
91.751,1.3073,88.065,0.86087,NaN,NaN
92.644,1.9338,89.282,1.1725,NaN,NaN
93.29,2.6128,90.361,1.1218,NaN,NaN
93.722,2.8593,91.152,1.3615,NaN,NaN
94.104,3.3307,91.054,2.0664,NaN,NaN
94.663,3.7119,92.213,2.4228,NaN,NaN
95.567,3.6204,92.293,2.8314,NaN,NaN
96.317,2.778,92.879,2.9079,NaN,NaN
96.555,1.8187,93.059,3.4218,NaN,NaN
96.264,0.4167,93.368,2.8283,NaN,NaN
96.235,-0.87586,93.72,2.3891,NaN,NaN
96.447,-2.2849,94.721,1.0223,NaN,NaN
96.379,-3.7734,95.414,0.24948,NaN,NaN
95.531,-4.9523,95.853,-0.83516,NaN,NaN
95.245,-6.5245,95.791,-2.7479,NaN,NaN
94.904,-7.6816,95.383,-4.4301,NaN,NaN
94.98,-9.0767,95.054,-5.6077,NaN,NaN
95.014,-10.445,94.73,-7.0403,NaN,NaN
96.106,-11.879,94.779,-8.6062,NaN,NaN
97.189,-13.448,95.347,-9.8387,NaN,NaN
97.916,-14.484,95.544,-11.504,NaN,NaN
98.465,-15.106,96.197,-12.225,NaN,NaN
98.193,-16.317,96.953,-12.992,NaN,NaN
98.039,-17.35,97.39,-13.985,NaN,NaN
96.844,-18.298,97.979,-14.662,NaN,NaN
95.967,-18.871,98.045,-16.148,NaN,NaN
94.718,-18.442,97.889,-16.52,NaN,NaN
93.62,-17.451,97.682,-16.947,NaN,NaN
92.967,-16.866,96.736,-17.269,NaN,NaN
92.432,-16.194,95.575,-17.141,NaN,NaN
92.132,-15.233,94.729,-17.095,NaN,NaN
91.459,-13.986,93.771,-16.643,NaN,NaN
91.302,-12.395,92.858,-15.828,NaN,NaN
90.196,-10.596,92.199,-14.586,NaN,NaN
89.136,-9.299,91.321,-13.308,NaN,NaN
88.823,-8.5017,90.818,-12.316,NaN,NaN
88.978,-8.2597,90.307,-11.172,NaN,NaN
88.475,-6.853,89.792,-10.029,NaN,NaN
88.839,-5.7472,89.157,-8.6393,NaN,NaN
88.7,-4.4382,88.578,-7.4502,NaN,NaN
88.504,-2.9003,88.554,-6.3942,NaN,NaN
88.946,-1.1755,88.596,-5.2387,NaN,NaN
89.071,-0.47322,88.682,-4.1859,NaN,NaN
89.549,0.47789,88.717,-2.1553,NaN,NaN
90.014,1.5822,88.451,-1.2038,NaN,NaN
89.586,2.5805,89.191,-0.96379,NaN,NaN
89.44,3.1417,89.456,-0.38361,NaN,NaN
88.962,4.5677,89.412,0.46892,NaN,NaN
88.552,4.9641,89.39,1.3173,NaN,NaN
87.595,4.612,89.834,1.8075,NaN,NaN
86.434,4.0427,89.226,2.0841,NaN,NaN
85.622,3.9546,88.922,2.6294,NaN,NaN
85.146,3.7258,88.591,2.7669,NaN,NaN
84.602,3.7013,88.591,2.7669,NaN,NaN
84.867,3.817,88.48,2.8128,NaN,NaN
84.425,3.901,88.427,2.8104,NaN,NaN
85.428,4.4131,88.427,2.8104,NaN,NaN
86.802,5.0441,88.267,1.9383,NaN,NaN
87.813,5.3987,87.731,1.9134,NaN,NaN
88.707,5.8513,87.288,2.9625,NaN,NaN
89.654,6.3052,87.489,3.9908,NaN,NaN
90.427,7.2776,88.047,5.2389,NaN,NaN
91.314,7.3566,88.488,5.8189,NaN,NaN
91.711,7.8385,89.211,6.2062,NaN,NaN
91.986,7.7974,89.509,6.5246,NaN,NaN
92.173,8.1674,89.76,6.739,NaN,NaN
92.26,8.4299,90.172,6.9599,NaN,NaN
92.302,8.5871,90.172,6.9599,NaN,NaN
92.289,8.7422,90.172,6.9599,NaN,NaN
92.38,8.9533,90.172,6.9599,NaN,NaN
92.38,8.9533,90.172,6.9599,NaN,NaN
92.38,8.9533,90.172,6.9599,NaN,NaN
92.38,8.9533,90.172,6.9599,NaN,NaN
92.56,8.0787,89.405,7.184,NaN,NaN
92.41,7.2445,88.845,6.8036,NaN,NaN
92.487,6.2655,89.062,6.7615,NaN,NaN
92.115,5.4244,89.261,6.9739,NaN,NaN
91.939,4.8496,89.52,7.0865,NaN,NaN
91.936,4.1278,89.543,6.7812,NaN,NaN
92.067,3.8243,89.703,6.7877,NaN,NaN
92.125,3.7753,89.703,6.7877,NaN,NaN
92.701,4.1089,89.94,6.4913,NaN,NaN
92.701,4.1089,89.944,6.4405,NaN,NaN
93.364,3.9828,90.428,6.4094,NaN,NaN
93.647,3.8406,90.283,6.1996,NaN,NaN
93.65,3.7894,90.279,6.2504,NaN,NaN
93.77,3.6404,90.501,6.1576,NaN,NaN
93.951,3.3914,90.775,6.067,NaN,NaN
94.433,3.5147,91.008,5.822,NaN,NaN
94.774,3.3242,91.504,5.639,NaN,NaN
94.823,2.6088,91.645,5.1874,NaN,NaN
95.027,2.0033,91.755,5.1412,NaN,NaN
95.126,2.1613,91.984,4.9476,NaN,NaN
95.31,1.8625,92.17,4.6001,NaN,NaN
95.816,1.6297,92.52,4.2092,NaN,NaN
96.571,1.7659,93.023,3.9266,NaN,NaN
97.081,1.4828,93.073,3.9794,NaN,NaN
97.462,1.5,93.298,3.8371,NaN,NaN
98.02,1.3216,93.79,3.7063,NaN,NaN
98.2,1.0754,94.14,3.3169,NaN,NaN
97.62,0.74337,94.197,3.2689,NaN,NaN
97.485,0.27889,94.054,3.01,NaN,NaN
97.485,0.27889,94.054,3.01,NaN,NaN
97.638,-0.47702,94.064,2.8589,NaN,NaN
97.644,-0.57848,94.235,2.715,NaN,NaN
97.644,-0.57848,94.235,2.715,NaN,NaN
97.69,-0.42363,94.235,2.715,NaN,NaN
97.951,-0.20757,94.235,2.715,NaN,NaN
97.951,-0.20757,94.235,2.715,NaN,NaN
97.802,0.44655,94.389,2.8227,NaN,NaN
97.905,0.55311,94.389,2.8227,NaN,NaN
97.953,0.65709,94.389,2.8227,NaN,NaN
98.18,1.3797,94.57,2.5278,NaN,NaN
98.577,0.27972,94.516,2.5255,NaN,NaN
98.587,0.99146,94.784,2.5373,NaN,NaN
98.706,0.84448,95.169,2.4031,NaN,NaN
98.76,0.84699,95.27,2.5083,NaN,NaN
98.815,0.8495,95.273,2.458,NaN,NaN
98.936,0.65202,95.105,2.5515,NaN,NaN
98.949,0.44955,95.447,2.2642,NaN,NaN
99.143,0.49209,95.447,2.2642,NaN,NaN
99.224,0.40689,95.447,2.2642,NaN,NaN
99.384,0.39286,95.618,2.1207,NaN,NaN
99.567,0.44452,95.672,2.1231,NaN,NaN
99.65,0.41339,95.946,2.0347,NaN,NaN
99.653,0.36505,96.053,2.0395,NaN,NaN
99.785,0.29853,96.612,1.7125,NaN,NaN
100.85,-0.32092,96.934,1.727,NaN,NaN
101.16,-0.18984,97.051,1.5816,NaN,NaN
101.39,-0.30512,97.262,1.6413,NaN,NaN
101.63,-0.48373,97.278,1.3912,NaN,NaN
101.73,-0.62351,97.332,1.3936,NaN,NaN
101.78,-0.73092,97.439,1.3984,NaN,NaN
101.74,-0.87467,97.439,1.3984,NaN,NaN
101.82,-0.93252,97.77,1.2631,NaN,NaN
101.76,-1.1714,97.881,1.218,NaN,NaN
101.76,-1.0478,98.552,0.79823,NaN,NaN
101.86,-1.1474,98.565,0.59873,NaN,NaN
102.29,-1.6613,98.669,0.65358,NaN,NaN
102.67,-1.7938,98.732,0.50651,NaN,NaN
102.93,-2.0044,98.615,0.65109,NaN,NaN
103.23,-2.4134,98.744,0.30712,NaN,NaN
103.15,-2.4211,98.855,0.26234,NaN,NaN
103.2,-2.4182,98.908,0.26487,NaN,NaN
103,-2.6807,98.962,0.2674,NaN,NaN
102.87,-2.6544,99.015,0.26994,NaN,NaN
102.86,-2.5216,99.018,0.22012,NaN,NaN
102.86,-2.4468,99.072,0.22266,NaN,NaN
103.08,-2.4026,99.072,0.22266,NaN,NaN
103.19,-2.3594,99.072,0.22266,NaN,NaN
103.28,-2.325,99.296,0.083436,NaN,NaN
103.33,-2.3708,99.471,-0.15773,NaN,NaN
103.3,-2.3133,99.548,-0.55317,NaN,NaN
103.38,-2.5705,99.624,-0.94847,NaN,NaN
103.57,-2.8594,99.954,-1.0816,NaN,NaN
103.61,-2.9076,99.954,-1.0816,NaN,NaN
103.64,-3.0773,100.67,-1.4437,NaN,NaN
103.54,-3.9076,101.01,-1.7249,NaN,NaN
103.56,-3.9873,100.89,-1.4824,NaN,NaN
103.65,-4.0005,100.84,-1.5844,NaN,NaN
103.66,-3.8903,101.02,-1.9233,NaN,NaN
103.71,-3.8825,101.01,-1.8241,NaN,NaN
103.65,-3.8748,101.07,-1.9205,NaN,NaN
104.79,-3.885,101.18,-1.9149,NaN,NaN
105.32,-3.6034,101.62,-2.0411,NaN,NaN
105.53,-3.3912,101.63,-2.2888,NaN,NaN
105.86,-3.1941,101.63,-2.2888,NaN,NaN
106.12,-3.243,101.74,-2.2831,NaN,NaN
106.47,-3.1648,101.84,-2.1784,NaN,NaN
106.82,-3.3534,102.44,-2.345,NaN,NaN
106.79,-3.3687,102.43,-2.2461,NaN,NaN
106.78,-3.1699,102.49,-2.3916,NaN,NaN
106.71,-2.7757,102.49,-2.3916,NaN,NaN
106.71,-2.7757,102.49,-2.3916,NaN,NaN
106.71,-2.7757,102.49,-2.3916,NaN,NaN
106.95,-3.2598,102.82,-2.4237,NaN,NaN
107.12,-3.5483,102.82,-2.4237,NaN,NaN
107.12,-3.6476,102.87,-2.4209,NaN,NaN
107.19,-4.042,102.87,-2.4209,NaN,NaN
107.25,-4.0884,103.09,-2.4094,NaN,NaN
107.25,-4.0884,103.18,-2.2062,NaN,NaN
107.36,-4.1812,103.46,-2.4385,NaN,NaN
107.47,-4.3237,103.79,-2.6183,NaN,NaN
108.08,-4.5847,104.1,-2.6864,NaN,NaN
108.3,-4.8193,104.41,-2.9837,NaN,NaN
108.53,-4.8272,104.6,-3.1219,NaN,NaN
108.86,-5.1495,104.49,-3.1175,NaN,NaN
108.2,-5.3239,104.43,-3.1794,NaN,NaN
108.18,-5.2017,104.46,-3.0656,NaN,NaN
108.08,-5.1555,104.55,-3.0767,NaN,NaN
108.09,-5.3247,104.6,-3.1244,NaN,NaN
108.04,-5.2827,104.7,-3.22,NaN,NaN
107.96,-5.3489,104.8,-3.5156,NaN,NaN
107.84,-6.298,105.34,-3.6659,NaN,NaN
107.84,-6.298,105.22,-3.4263,NaN,NaN
107.84,-6.298,105.06,-3.2388,NaN,NaN
107.84,-6.298,105.06,-3.2388,NaN,NaN
106.11,-6.6651,106.23,-2.9757,NaN,NaN
104.59,-6.6136,106.07,-3.1808,NaN,NaN
103.23,-6.2966,106.4,-3.4073,NaN,NaN
102.56,-5.5797,106.47,-3.8943,NaN,NaN
102.69,-4.6624,106.47,-3.8943,NaN,NaN
102.71,-3.5524,105.97,-5.008,NaN,NaN
102.71,-3.0375,105.97,-5.008,NaN,NaN
103.24,-2.1647,104.96,-5.071,NaN,NaN
103.94,-1.777,104.3,-4.5668,NaN,NaN
103.87,-1.5798,103.81,-4.5462,NaN,NaN
104.22,-0.91077,103.69,-4.0088,NaN,NaN
103.98,-0.52178,103.45,-3.4778,NaN,NaN
104.59,-0.74212,103.53,-2.7808,NaN,NaN
105.41,0.24642,103.85,-2.6153,NaN,NaN
105.44,0.59744,103.92,-1.92,NaN,NaN
105.28,1.2902,103.91,-1.6739,NaN,NaN
105.58,1.703,103.99,-1.127,NaN,NaN
105.68,2.0578,104.38,-0.41738,NaN,NaN
105.67,2.355,104.55,0.14155,NaN,NaN
106.04,2.8221,104.71,0.6011,NaN,NaN
106.32,3.3336,104.58,1.1996,NaN,NaN
106.65,3.897,104.47,1.5594,NaN,NaN
107.24,3.9677,104.55,1.9086,NaN,NaN
107.7,4.3263,104.87,1.9712,NaN,NaN
107.22,4.2175,104.84,2.365,NaN,NaN
106.98,4.2011,105.05,2.3244,NaN,NaN
106.52,4.7466,105.88,2.0621,NaN,NaN
105.89,5.6343,105.27,2.333,NaN,NaN
105.75,5.9841,105.27,2.333,NaN,NaN
105.51,6.7381,105.42,3.1782,NaN,NaN
105.49,6.9918,105.51,3.9239,NaN,NaN
105.52,7.2746,105.27,4.2621,NaN,NaN
105.81,7.5113,105.26,4.3115,NaN,NaN
106,7.6985,105.25,4.5094,NaN,NaN
106.6,7.1273,105.35,4.5132,NaN,NaN
107.24,7.2476,105.35,4.5132,NaN,NaN
107.61,7.2583,105.35,4.5132,NaN,NaN
107.61,7.2583,105.35,4.5132,NaN,NaN
108.19,6.8684,105.35,4.5132,NaN,NaN
108.2,6.7673,105.44,5.2618,NaN,NaN
108.52,6.7763,105.44,5.2618,NaN,NaN
109.05,6.8416,105.44,5.2618,NaN,NaN
108.71,6.5789,105.59,5.4159,NaN,NaN
108.71,6.5789,105.59,5.4159,NaN,NaN
108.71,6.5789,105.59,5.4159,NaN,NaN
108.71,6.5789,105.59,5.4159,NaN,NaN
108.71,6.5789,105.59,5.4159,NaN,NaN
109.31,5.9398,106.11,5.5821,NaN,NaN
110.09,5.76,106.27,5.4881,NaN,NaN
110.18,5.9132,106.33,5.5145,NaN,NaN
110.3,5.8159,106.5,5.5066,NaN,NaN
110.42,5.6686,106.65,5.5542,NaN,NaN
110.42,5.6686,106.8,5.5215,NaN,NaN
110.42,5.6686,106.87,5.3582,NaN,NaN
110.42,5.6686,106.92,5.4094,NaN,NaN
110.42,5.6686,107.09,5.3155,NaN,NaN
110.42,5.6686,107.09,5.3155,NaN,NaN
110.36,6.1696,107.07,5.3343,NaN,NaN
109.65,6.8069,106.96,5.0138,NaN,NaN
108.93,7.4473,107.07,4.4235,NaN,NaN
108.32,7.5835,107.07,4.4727,NaN,NaN
107.7,7.8722,107.43,4.5344,NaN,NaN
107.12,8.3158,107.65,4.4921,NaN,NaN
106.42,8.347,108.02,5.0969,NaN,NaN
105.72,8.3778,108.1,5.7933,NaN,NaN
105.12,8.4114,108,5.7406,NaN,NaN
104.01,8.2237,107.57,6.3245,NaN,NaN
104.02,7.6604,107.39,6.5186,NaN,NaN
104.05,6.8442,107.56,6.4735,NaN,NaN
104.42,6.2965,107.54,6.573,NaN,NaN
103.53,6.5725,107.3,6.416,NaN,NaN
103.56,6.2679,107.01,6.6569,NaN,NaN
103.7,5.9672,106.7,6.5478,NaN,NaN
104.02,5.4197,106.56,6.8935,NaN,NaN
103.87,5.2624,106.6,6.9449,NaN,NaN
104.54,4.4763,106.59,7.0447,NaN,NaN
105.23,4.0472,106.19,7.3335,NaN,NaN
105.32,3.5978,106.03,7.3288,NaN,NaN
104.94,2.88,105.99,6.7262,NaN,NaN
105.28,2.0409,105.82,6.2712,NaN,NaN
105.78,1.9114,105.88,6.2728,NaN,NaN
105.93,1.3183,105.78,5.1237,NaN,NaN
106,0.37344,105.74,4.3778,NaN,NaN
106,0.37344,105.57,3.8271,NaN,NaN
107.12,-0.072077,105.58,3.7777,NaN,NaN
108.02,0.41535,105.8,3.7362,NaN,NaN
108.11,0.61762,105.58,3.7284,NaN,NaN
108.11,0.61762,105.88,3.344,NaN,NaN
108.11,0.61762,106.08,2.9074,NaN,NaN
107.3,-0.36118,106.2,2.715,NaN,NaN
106.41,-1.0507,106.3,2.1774,NaN,NaN
105.79,-1.6305,106.17,1.8278,NaN,NaN
105.1,-2.2157,106.34,0.95123,NaN,NaN
104.38,-1.9041,106.92,0.2427,NaN,NaN
103.65,-1.541,106.78,-0.0086598,NaN,NaN
102.63,-0.83902,106.26,-0.42475,NaN,NaN
102.15,-0.057007,105.47,-0.70858,NaN,NaN
101.92,0.89037,105.04,-0.68064,NaN,NaN
101.61,1.1807,104.54,-0.40961,NaN,NaN
101.2,1.3985,103.87,0.0022728,NaN,NaN
99.92,2.2694,103.31,0.32208,NaN,NaN
98.907,2.8009,102.32,0.77162,NaN,NaN
97.965,3.2432,101.31,1.3722,NaN,NaN
97.119,3.8458,100.43,1.7318,NaN,NaN
95.462,3.6098,99.092,2.3734,NaN,NaN
94.654,3.4729,97.786,2.6179,NaN,NaN
94.446,2.5409,97.365,3.2529,NaN,NaN
93.558,1.9371,96.134,3.2007,NaN,NaN
93.159,1.3544,96.134,3.2007,NaN,NaN
93.276,0.33415,95.627,2.7759,NaN,NaN
92.897,0.26478,95.173,2.3528,NaN,NaN
93.322,-1.4576,94.771,1.9316,NaN,NaN
93.1,-2.4429,94.088,0.84151,NaN,NaN
92.569,-3.9077,93.837,-0.38054,NaN,NaN
91.891,-4.6126,93.523,-1.5056,NaN,NaN
90.837,-5.4945,92.953,-2.9986,NaN,NaN
89.895,-6.2965,92.236,-3.7443,NaN,NaN
88.95,-7.0146,91.475,-4.7473,NaN,NaN
87.734,-6.9604,90.755,-5.4968,NaN,NaN
86.48,-6.9795,90.11,-5.4821,NaN,NaN
85.512,-5.9969,89.117,-6.1473,NaN,NaN
85.67,-4.641,88.688,-6.1713,NaN,NaN
85.556,-3.4041,87.865,-5.7593,NaN,NaN
85.21,-1.972,87.481,-5.5768,NaN,NaN
86.565,-0.76537,86.506,-4.2038,NaN,NaN
87.508,-0.047074,86.34,-2.9902,NaN,NaN
88.02,0.98394,86.293,-2.0759,NaN,NaN
88.577,2.0256,86.899,-0.36549,NaN,NaN
88.077,3.1322,88.264,0.20961,NaN,NaN
86.668,4.6233,87.996,1.1119,NaN,NaN
85.564,5.6135,87.834,2.8344,NaN,NaN
84.245,5.7645,87.499,3.8383,NaN,NaN
83.217,5.9124,86.056,4.5399,NaN,NaN
81.674,5.0787,85.275,4.9656,NaN,NaN
80.862,4.1563,84.609,5.2946,NaN,NaN
79.987,3.8213,84.195,5.0717,NaN,NaN
80.498,3.8791,83.83,4.9021,NaN,NaN
80.537,3.9296,83.62,4.8415,NaN,NaN
80.548,3.9883,83.62,4.8415,NaN,NaN
80.43,5.0082,83.724,4.0783,NaN,NaN
80.775,6.2907,83.432,3.6046,NaN,NaN
81.948,7.4377,82.763,3.9838,NaN,NaN
82.684,8.5654,82.094,4.3635,NaN,NaN
83.493,9.3827,82.205,5.907,NaN,NaN
84.604,9.7938,82.252,6.7818,NaN,NaN
84.826,10.355,82.533,7.3588,NaN,NaN
85.338,10.817,83.364,8.4728,NaN,NaN
86.832,11.137,84.214,9.2791,NaN,NaN
88.438,12.035,84.647,9.9139,NaN,NaN
88.928,12.002,85.477,10.925,NaN,NaN
89.841,12.088,86.473,11.17,NaN,NaN
90.991,11.922,87.25,11.458,NaN,NaN
92.554,11.353,88.806,11.981,NaN,NaN
94.136,10.909,90.408,11.938,NaN,NaN
95.36,10.777,91.465,11.412,NaN,NaN
96.652,10.153,92.288,11.134,NaN,NaN
97.976,9.7667,94.154,10.484,NaN,NaN
99.176,9.3897,95.185,10.265,NaN,NaN
100.43,8.6805,96.158,10.095,NaN,NaN
101.03,7.3059,97.043,9.718,NaN,NaN
101.97,6.4687,98.042,8.6837,NaN,NaN
103.13,5.084,99.559,7.2167,NaN,NaN
104.13,3.5027,100.64,6.4479,NaN,NaN
105.06,2.8342,101.57,5.025,NaN,NaN
106.03,2.2713,102.28,4.1519,NaN,NaN
106.18,2.4273,102.84,3.1774,NaN,NaN
106.53,2.7909,103.52,2.0633,NaN,NaN
107.15,3.2139,103.98,2.3795,NaN,NaN
107.95,3.9917,105.05,2.4228,NaN,NaN
107.97,4.3427,105.94,2.6555,NaN,NaN
107.71,5.2884,106.09,2.76,NaN,NaN
108.33,5.5589,106.09,2.76,NaN,NaN
108.18,5.4537,106.13,3.0077,NaN,NaN
108.84,4.8212,106.13,3.0077,NaN,NaN
109.38,3.7401,106.13,3.0077,NaN,NaN
109.56,2.4073,106.11,3.2535,NaN,NaN
110.43,2.3406,106.57,3.4188,NaN,NaN
110.81,2.9455,107.48,2.8617,NaN,NaN
112.47,3.1467,108.18,2.7896,NaN,NaN
113.28,3.171,109.23,3.0231,NaN,NaN
113.99,3.1426,110.21,3.4468,NaN,NaN
115.25,3.4196,111.51,3.1971,NaN,NaN
116.42,4.3219,113.05,3.2926,NaN,NaN
116.59,5.061,113.92,3.6062,NaN,NaN
116.45,6.0015,114.52,3.8626,NaN,NaN
116.17,6.4476,114.74,3.8678,NaN,NaN
116.12,6.7488,114.63,3.9149,NaN,NaN
116.13,6.6985,114.64,3.9099,NaN,NaN
116.67,5.9054,114.83,3.821,NaN,NaN
117.28,5.023,114.15,4.3367,NaN,NaN
117.71,3.9074,114.53,4.2489,NaN,NaN
117.8,3.235,114.49,4.5385,NaN,NaN
117.68,2.0895,114.85,4.2561,NaN,NaN
118.99,1.9815,115.68,3.5065,NaN,NaN
119.93,2.1888,116.4,3.2374,NaN,NaN
121.34,2.1205,118.12,2.6628,NaN,NaN
122.53,2.3168,118.98,2.1706,NaN,NaN
123.29,2.5638,119.39,2.2258,NaN,NaN
123.62,2.5639,120.07,2.3309,NaN,NaN
124.48,2.0038,121.27,2.5494,NaN,NaN
124.9,2.3974,121.76,1.7933,NaN,NaN
124.7,3.1724,122.39,2.2389,NaN,NaN
124.04,4.6333,123.18,2.4824,NaN,NaN
123.93,5.8523,123.06,3.2914,NaN,NaN
123.19,6.4839,123.65,3.8294,NaN,NaN
123.12,7.0444,123.42,4.0825,NaN,NaN
123.13,6.9976,123.42,4.0825,NaN,NaN
122.73,7.2662,123.42,4.0825,NaN,NaN
122.76,7.1258,123.42,4.0825,NaN,NaN
122.76,7.1258,123.42,4.0825,NaN,NaN
123.96,6.087,123.42,4.0825,NaN,NaN
125.28,4.9646,123.43,4.0402,NaN,NaN
125.51,3.7605,123.12,4.0403,NaN,NaN
125.69,2.3093,123.12,4.0403,NaN,NaN
125.44,1.6518,123.12,4.0403,NaN,NaN
125.22,1.386,122.91,3.5389,NaN,NaN
124.28,0.35414,123.68,3.1265,NaN,NaN
124.16,0.049131,123.68,3.1265,NaN,NaN
121.37,0.37177,123.76,2.7623,NaN,NaN
121.1,1.0836,123.31,1.7738,NaN,NaN
120.95,1.1601,123.67,1.3144,NaN,NaN
120.29,1.7952,123.68,1.2381,NaN,NaN
119.55,2.6921,122.05,1.0897,NaN,NaN
119.08,3.6135,121.58,1.433,NaN,NaN
118.72,3.7791,121.09,1.5417,NaN,NaN
117.61,3.6325,120.68,2.4198,NaN,NaN
116.99,3.9652,119.97,2.8183,NaN,NaN
116.04,3.9895,119.52,3.0179,NaN,NaN
115.55,3.719,118.47,3.7541,NaN,NaN
115.9,3.2097,118.65,3.5047,NaN,NaN
115.91,3.0292,118.51,3.5025,NaN,NaN
115.88,2.9517,118.51,3.5025,NaN,NaN
115.82,2.6076,118.51,3.5025,NaN,NaN
115.9,2.3109,118.51,3.5025,NaN,NaN
115.33,1.824,118.51,3.5025,NaN,NaN
115.81,1.2878,117.28,2.9338,NaN,NaN
115.71,0.81798,117.28,2.9338,NaN,NaN
115.02,0.91864,117.15,2.4707,NaN,NaN
114.23,1.1015,116.37,2.2409,NaN,NaN
114.03,1.2222,116.3,2.4484,NaN,NaN
114.15,1.4839,116.18,2.4407,NaN,NaN
113.65,1.6377,116.26,2.3635,NaN,NaN
113.23,1.9678,116.26,2.3217,NaN,NaN
112.68,1.7317,115.89,2.269,NaN,NaN
112.31,1.4584,115.31,2.3361,NaN,NaN
111.85,1.1372,114.62,2.1038,NaN,NaN
111.98,0.75256,114.38,1.7155,NaN,NaN
112.33,0.59448,114.23,1.7106,NaN,NaN
111.92,0.92319,114.06,1.5775,NaN,NaN
112.05,0.40966,113.96,1.6163,NaN,NaN
112.17,0.11242,113.96,1.6163,NaN,NaN
112.28,-0.098344,113.96,1.6163,NaN,NaN
111.86,-0.42031,114.32,1.3338,NaN,NaN
111.71,-0.25471,114.17,1.3706,NaN,NaN
111.62,-0.43193,114.1,1.6214,NaN,NaN
111.61,-0.30244,114.2,1.5406,NaN,NaN
111.61,-0.30244,113.89,1.3179,NaN,NaN
111.48,-0.52529,114.08,1.2829,NaN,NaN
111.76,-1.1606,113.67,1.014,NaN,NaN
111.53,-1.3892,112.96,1.0279,NaN,NaN
111.75,-2.1131,113.17,0.69769,NaN,NaN
112.11,-2.6985,112.95,0.56104,NaN,NaN
112.36,-3.0296,112.89,0.60127,NaN,NaN
112.37,-3.116,112.67,0.3797,NaN,NaN
112.37,-3.116,112.92,0.26337,NaN,NaN
112.37,-3.116,112.92,0.22115,NaN,NaN
112.37,-3.116,112.92,0.22115,NaN,NaN
112.37,-3.116,112.92,0.22115,NaN,NaN
111.84,-3.2356,112.92,0.22115,NaN,NaN
111.25,-2.9238,112.92,0.22115,NaN,NaN
110.43,-1.752,113.13,0.018751,NaN,NaN
110.39,-2.0154,113.13,0.018751,NaN,NaN
109.45,-1.6297,113.15,-0.40273,NaN,NaN
109,-1.3907,112.91,-0.41413,NaN,NaN
108.81,-0.56777,112.93,-0.7517,NaN,NaN
109.6,0.82556,111.86,-1.2733,NaN,NaN
109.89,1.494,111.95,-1.0562,NaN,NaN
110.17,2.2055,111.76,-1.1509,NaN,NaN
110.57,2.5707,110.86,-0.42756,NaN,NaN
111.9,3.2716,110.56,0.45802,NaN,NaN
111.32,3.7362,111.83,0.81161,NaN,NaN
110.88,4.2956,111.53,1.0126,NaN,NaN
110.65,5.1304,111.18,1.7267,NaN,NaN
109.71,5.8173,111.03,2.8823,NaN,NaN
109.04,5.8431,111.02,3.0113,NaN,NaN
107.48,5.5731,111.02,3.9629,NaN,NaN
106.94,5.287,110.56,4.6888,NaN,NaN
106.09,5.1249,110.24,4.6357,NaN,NaN
104.93,4.6367,108.83,4.5928,NaN,NaN
104.77,4.2274,108.43,4.3175,NaN,NaN
104.76,4.3615,108.33,4.358,NaN,NaN
104.37,4.4371,108.31,4.489,NaN,NaN
104.13,4.4285,108.03,4.4799,NaN,NaN
104.13,4.4285,108.39,4.1851,NaN,NaN
104.39,5.2024,108.4,4.0543,NaN,NaN
105.69,5.696,108.39,4.2287,NaN,NaN
106.2,6.3877,107.97,3.6461,NaN,NaN
107.48,6.9673,107.98,3.7429,NaN,NaN
108.24,6.9889,107.31,4.0613,NaN,NaN
108.54,7.3131,107.12,4.5817,NaN,NaN
109.71,7.0737,107.2,5.2445,NaN,NaN
110.54,6.8701,107.49,5.1217,NaN,NaN
110.99,7.1062,107.78,5.5273,NaN,NaN
111.46,7.0728,108.47,5.7242,NaN,NaN
111.93,7.5344,109.08,5.7419,NaN,NaN
112.73,7.8242,109.33,6.1013,NaN,NaN
112.82,7.5547,109.51,6.1505,NaN,NaN
113.05,7.5599,109.95,6.4271,NaN,NaN
113.43,7.5681,110.08,6.5189,NaN,NaN
113.77,6.7655,109.97,6.6045,NaN,NaN
114.03,6.2346,110.24,6.7441,NaN,NaN
114.23,5.8384,110.65,6.4454,NaN,NaN
114.6,5.8461,110.83,6.4501,NaN,NaN
115.04,5.3684,111.07,6.412,NaN,NaN
115.58,5.2466,112.09,6.1289,NaN,NaN
116.06,5.1676,112.39,5.9605,NaN,NaN
116.29,5.2595,112.9,6.0161,NaN,NaN
116.66,4.6096,112.92,5.4917,NaN,NaN
116.71,4.2628,113.09,5.2343,NaN,NaN
116.74,4.0469,113.25,5.1075,NaN,NaN
116.46,3.266,113.25,5.0642,NaN,NaN
117.14,2.8118,113.92,4.6034,NaN,NaN
117.81,2.4883,114.28,3.9664,NaN,NaN
118.49,1.9594,115.16,3.3051,NaN,NaN
119.11,2.0162,115.83,2.7723,NaN,NaN
119.79,2.3214,116.31,2.7007,NaN,NaN
119.93,2.6983,116.49,2.4117,NaN,NaN
119.69,3.2826,116.55,2.3296,NaN,NaN
119.93,3.5817,116.95,2.5493,NaN,NaN
120.43,3.4177,117.28,2.9338,NaN,NaN
121.54,3.1751,118.06,3.0757,NaN,NaN
122.25,3.5974,118.5,3.2511,NaN,NaN
122.95,3.5559,120.01,3.149,NaN,NaN
123.75,3.5965,120.67,3.3634,NaN,NaN
124.08,3.5531,121.29,3.4926,NaN,NaN
125.25,3.5894,122.5,3.5801,NaN,NaN
125.35,4.5109,123.44,3.168,NaN,NaN
125.21,5.4264,123.2,3.4559,NaN,NaN
124.61,6.7791,123.63,3.9135,NaN,NaN
124.28,8.0741,123.71,4.9016,NaN,NaN
123.46,9.0958,123.92,5.843,NaN,NaN
123.01,10.595,123.7,6.8509,NaN,NaN
122.96,11.24,123.74,7.8944,NaN,NaN
122.87,11.532,123.73,8.4227,NaN,NaN
123.02,11.396,123.4,8.1605,NaN,NaN
123.08,11.603,123.4,8.1605,NaN,NaN
124.09,10.202,123.34,7.8232,NaN,NaN
124.78,9.0186,122.59,7.3667,NaN,NaN
125.68,7.8592,123.07,7.7146,NaN,NaN
126.31,5.7742,123.96,7.6209,NaN,NaN
125.76,4.7005,124.45,7.4607,NaN,NaN
126.32,3.586,124.84,6.5296,NaN,NaN
126.15,2.867,124.97,5.5992,NaN,NaN
126.53,2.1774,124.91,5.3223,NaN,NaN
127.21,2.2014,124.63,4.7783,NaN,NaN
127.88,2.2247,125.12,3.8255,NaN,NaN
128.78,1.9626,125.98,3.0256,NaN,NaN
129.33,1.9117,126.67,2.2949,NaN,NaN
129.5,1.8692,126.59,2.5321,NaN,NaN
129.5,1.8692,126.84,2.4086,NaN,NaN
129.54,1.9962,126.84,2.4086,NaN,NaN
129.81,2.0051,127.25,2.3212,NaN,NaN
